imdb_id,critic_reviews,user_reviews,metascore,budget,worldwide_gross
tt0044338,1,4,,,
tt0497830,1,1,,,
tt9598172,3,12,,,
tt0378645,,,,,
tt0155693,,,,,
tt0071452,2,1,,,
tt5129254,,,,,
tt0021844,4,4,,,
tt2842566,,,,,
tt8461156,,,,,
tt1110266,,,,,
tt14715970,,,,,
tt0041603,1,2,,,
tt2162711,,,,,
tt0052604,28,28,,,
tt9676900,2,9,,,
tt0376737,,,,,
tt13140122,,,,,
tt1616096,3,3,,,
tt0094658,4,4,,,
tt9786006,3,6,,,
tt0127095,,,,,
tt0279694,,,,,
tt9064968,,,,,
tt3771464,,,,,
tt0071467,,,,,
tt0069783,16,14,,,
tt0378647,,,,,
tt21281688,10,12,,,
tt0031782,,,,,
tt0171182,,,,,
tt10397696,,,,,
tt8801582,,,,,
tt6575280,17,4,,,
tt0306734,69,163,51,,
tt0156651,,,,,
tt0089234,,,,,
tt0245171,46,66,55,,
tt15386758,,,,,
tt0104719,2,2,,,
tt1756692,6,2,,,
tt0069266,13,7,,,
tt0892068,,,,,
tt0133965,,,,,
tt0066747,2,2,,,
tt0263594,,,,,
tt7380772,1,1,,,
tt4437688,,,,,
tt0413472,1,3,,,
tt0197521,52,127,60,,
tt0265716,,,,,
tt2516798,,,,,
tt0984036,,,,,
tt21914900,,,,,
tt11390878,2,1,,,
tt4023338,,,,,
tt1676230,,,,,
tt1858776,,,,,
tt0194460,,,,,
tt0845968,2,1,,,
tt0181699,,,,,
tt8133888,3,7,,,
tt0466231,,,,,
tt13079764,,,,,
tt5161370,,,,,
tt0060093,,,,,
tt1890433,,,,,
tt6454746,,,,,
tt0128960,,,,,
tt0814045,,,,,
tt6257104,,,,,
tt13059796,,,,,
tt6892276,,,,,
tt19404382,,,,,
tt26731175,,,,,
tt0175949,,,,,
tt0091065,3,13,,,
tt14484812,,,,,
tt6354090,,,,,
tt14436532,,,,,
tt0201927,,,,,
tt7466486,,,,,
tt13377488,11,31,,,
tt5884194,,,,,
tt0091717,,,,,
tt0135468,,,,,
tt0095904,84,50,47,,
tt1172233,197,145,68,,
tt0066580,69,77,95,,
tt6192618,,,,,
tt1665807,,,,,
tt0101895,,,,,
tt0032865,,,,,
tt0135120,,,,,
tt0329177,1,2,,,
tt15847828,11,15,,,
tt6226212,,,,,
tt1552639,,,,,
tt7974156,4,9,,,
tt1225290,31,6,,,
tt0242851,,,,,
tt0213040,,,,,
tt15736370,,,,,
tt0493247,27,23,,,
tt1544590,13,5,,,
tt0425419,,,,,
tt0161542,11,11,,,
tt0102558,36,288,13,,
tt0246106,,,,,
tt0088462,3,5,,,
tt1146325,15,64,,,
tt0185322,,,,,
tt4697734,1,4,,,
tt2374711,,,,,
tt8407418,7,18,,,
tt0242084,,,,,
tt0063010,12,11,,,
tt5799454,,,,,
tt3786944,,,,,
tt0196133,,,,,
tt8437364,,,,,
tt1649349,,,,,
tt0847221,9,4,,,
tt2249734,,,,,
tt9686178,,,,,
tt0319583,,,,,
tt0367151,10,11,,,
tt2073138,2,5,,,
tt6082156,,,,,
tt1479398,2,11,,,
tt8011328,3,25,,,
tt1123948,,,,,
tt0080551,,,,,
tt0297244,,,,,
tt0363771,264,1.6K,75,,
tt1482101,,,,,
tt0119622,,,,,
tt0959518,1,1,,,
tt0069013,17,19,,,
tt1351665,1,1,,,
tt6871426,,,,,
tt7779818,,,,,
tt0131043,,,,,
tt0029709,2,10,,,
tt0078083,,,,,
tt0307923,2,6,,,
tt2109223,,,,,
tt0050184,2,13,,,
tt0821955,,,,,
tt4814290,31,69,,,
tt1285144,22,7,,,
tt0403992,,,,,
tt0160925,,,,,
tt2174896,62,8,66,,
tt0135757,,,,,
tt1067571,,,,,
tt0482467,2,6,,,
tt12776286,,,,,
tt0293560,,,,,
tt0364454,,,,,
tt7107756,,,,,
tt3184664,,,,,
tt1597090,,,,,
tt0887769,7,30,,,
tt2030329,,,,,
tt0174607,,,,,
tt0093793,23,37,61,,
tt0126564,,,,,
tt0095796,,,,,
tt5032300,,,,,
tt0227376,,,,,
tt0072190,5,17,,,
tt0145811,,,,,
tt3976202,,,,,
tt0369267,,,,,
tt0800191,3,6,,,
tt2996684,55,86,,,
tt0224578,46,51,72,,
tt0082842,1,3,,,
tt0091510,5,5,,,
tt6097798,45,217,,,
tt0204252,,,,,
tt7304806,43,4,,,
tt0359581,,,,,
tt0131469,,,,,
tt1967697,17,18,,,
tt7561364,4,2,,,
tt0077184,5,4,,,
tt0208167,,,,,
tt0135431,,,,,
tt0370595,,,,,
tt1053829,,,,,
tt2016168,21,9,,,
tt0882977,243,169,51,,
tt0128946,,,,,
tt0076218,1,4,,,
tt0059832,,,,,
tt0831331,,,,,
tt15746922,,,,,
tt0059120,,,,,
tt0473738,2,8,,,
tt1945090,,,,,
tt10789062,,,,,
tt0063616,7,6,,,
tt0255665,8,6,,,
tt0428059,7,9,,,
tt1059206,,,,,
tt6869368,,,,,
tt0485185,6,10,,,
tt12783768,,,,,
tt0289565,,,,,
tt1541873,,,,,
tt1993354,,,,,
tt5537300,9,2,,,
tt1600202,,,,,
tt0095734,6,11,,,
tt0103134,,,,,
tt5116212,,,,,
tt0368561,5,18,,,
tt0021744,1,1,,,
tt0076004,1,1,,,
tt0238330,,,,,
tt0355758,,,,,
tt0025962,1,3,,,
tt0142286,1,3,,,
tt0798798,,,,,
tt1296885,,,,,
tt0096913,39,100,26,,
tt0497114,,,,,
tt2838228,,,,,
tt0166811,,,,,
tt9575206,,,,,
tt0109764,2,5,,,
tt0185382,,,,,
tt4193682,,,,,
tt6359586,,,,,
tt0108620,,,,,
tt0497590,,,,,
tt12592824,19,5,,,
tt0024093,,,,,
tt2486862,4,5,,,
tt9435904,,,,,
tt2231480,,,,,
tt0806106,,,,,
tt6213284,75,30,79,,
tt0113797,,,,,
tt0080360,103,178,58,,
tt1609790,17,7,,,
tt1810731,,,,,
tt0083230,5,8,,,
tt1003074,,,,,
tt1439512,,,,,
tt0342465,,,,,
tt0285426,,,,,
tt5599536,5,2,,,
tt21322850,,,,,
tt1031658,,,,,
tt9913872,,,,,
tt0110216,49,108,59,,
tt1506990,19,3,54,,
tt0279162,,,,,
tt0253757,,,,,
tt0202167,,,,,
tt3166926,,,,,
tt10408656,,,,,
tt0191242,4,25,,,
tt4136696,11,1,,,
tt1681372,53,9,,,
tt1270707,7,3,,,
tt0019521,,,,,
tt0978762,184,260,,,
tt0157611,,,,,
tt1365026,3,2,,,
tt10097832,,,,,
tt0040259,,,,,
tt17048366,1,14,,,
tt5743888,4,29,,,
tt0415119,,,,,
tt2385282,,,,,
tt6085308,,,,,
tt0363567,,,,,
tt0024958,11,32,,,
tt0137042,,,,,
tt0099424,,,,,
tt9233172,,,,,
tt0163278,,,,,
tt0124666,4,5,,,
tt1877672,,,,,
tt1423592,51,14,57,,
tt5181352,,,,,
tt1373146,,,,,
tt0166082,,,,,
tt0276504,,,,,
tt0196080,,,,,
tt3063364,17,8,,,
tt3108404,,,,,
tt1185004,,,,,
tt5026652,,,,,
tt0778009,,,,,
tt0021638,1,2,,,
tt1734477,15,10,,,
tt0937414,5,2,,,
tt5073400,,,,,
tt14813966,19,121,42,,
tt1589474,,,,,
tt0054951,3,7,,,
tt2723240,31,8,,,
tt4799820,,,,,
tt3533672,,,,,
tt0483703,3,7,,,
tt0169858,18,255,,,
tt0188916,,,,,
tt0294980,,,,,
tt0359873,,,,,
tt0989723,,,,,
tt0295116,3,4,,,
tt0026779,,,,,
tt0259272,,,,,
tt2130078,,,,,
tt6200770,,,,,
tt0343422,,,,,
tt3773072,,,,,
tt1356920,,,,,
tt0443620,,,,,
tt0296766,6,18,,,
tt8202692,28,9,,,
tt0065434,,,,,
tt0268284,1,3,,,
tt1332542,,,,,
tt1069246,,,,,
tt1225810,,,,,
tt0101439,,,,,
tt0198810,,,,,
tt4660394,,,,,
tt4568352,,,,,
tt0032028,14,14,,,
tt1615485,8,2,,,
tt2751492,,,,,
tt8090914,,,,,
tt0298437,,,,,
tt1570972,,,,,
tt0064496,,,,,
tt4930564,,,,,
tt20258046,,,,,
tt0415742,,,,,
tt9440108,,,,,
tt3365690,7,15,,,
tt0399608,1,2,,,
tt0028798,1,2,,,
tt0163862,13,32,,,
tt2859890,,,,,
tt15162634,,,,,
tt10962562,,,,,
tt1815989,5,2,,,
tt0082830,1,2,,,
tt2159714,,,,,
tt0056575,40,88,,,
tt3074856,,,,,
tt0077517,,,,,
tt0443474,14,21,,,
tt1987590,6,1,,,
tt1512112,,,,,
tt0053415,,,,,
tt0144111,,,,,
tt0856105,,,,,
tt1588353,,,,,
tt12799960,,,,,
tt1840960,,,,,
tt0102070,91,307,17,,
tt0408695,,,,,
tt1300856,,,,,
tt6672238,,,,,
tt0125884,4,3,,,
tt13011878,,,,,
tt3548858,,,,,
tt0022376,1,5,,,
tt0183798,,,,,
tt3468698,36,18,,,
tt0125848,,,,,
tt0072087,2,4,,,
tt4857736,,,,,
tt8168944,,,,,
tt0799976,27,7,73,,
tt0318745,,,,,
tt0064641,,,,,
tt0140720,1,6,,,
tt0070861,2,10,,,
tt8688864,,,,,
tt0071995,,,,,
tt0181972,,,,,
tt0199016,,,,,
tt0052705,,,,,
tt5864288,,,,,
tt1198406,,,,,
tt0310657,,,,,
tt0319642,,,,,
tt0485165,4,1,,,
tt0144585,1,2,,,
tt21287314,,,,,
tt1821452,,,,,
tt0454084,24,33,,,
tt7534054,65,17,73,,
tt2847520,,,,,
tt1854370,,,,,
tt0049814,,,,,
tt0373692,1,1,,,
tt1765980,,,,,
tt19725816,3,2,,,
tt0127665,1,3,,,
tt0212425,,,,,
tt0242265,,,,,
tt4741686,,,,,
tt9777790,1,1,,,
tt15824146,,,,,
tt2325849,,,,,
tt5911652,,,,,
tt0258053,,,,,
tt5129818,49,25,81,,
tt7041458,2,1,,,
tt0180337,,,,,
tt2645044,9,4,,,
tt0310610,,,,,
tt4669408,,,,,
tt12471970,20,2,,,
tt0107679,,,,,
tt10392914,,,,,
tt1486650,,,,,
tt15215662,,,,,
tt0259553,,,,,
tt8902862,3,3,,,
tt9526784,67,14,73,,
tt3253930,168,70,,,
tt8840492,,,,,
tt0089056,2,3,,,
tt0388687,,,,,
tt3922678,,,,,
tt0136535,9,14,,,
tt0248384,,,,,
tt1870384,,,,,
tt3239240,,,,,
tt0027501,3,18,,,
tt7279296,2,2,,,
tt0094048,24,48,,,
tt0242550,,,,,
tt0109674,,,,,
tt0029466,1,3,,,
tt9354842,59,169,54,,
tt2591764,,,,,
tt0330147,,,,,
tt9376362,2,2,,,
tt2025715,1,1,,,
tt5487716,,,,,
tt0103287,,,,,
tt1980236,,,,,
tt7825602,,,,,
tt1087651,,,,,
tt0304285,,,,,
tt0052412,,,,,
tt6086350,,,,,
tt0241025,100,166,53,,
tt0164794,,,,,
tt0134225,,,,,
tt3387648,102,195,,,
tt1810815,,,,,
tt0373236,,,,,
tt3327432,1,2,,,
tt5198670,47,35,72,,
tt0009741,,,,,
tt0163794,,,,,
tt4572116,8,51,,,
tt0102845,,,,,
tt0076956,,,,,
tt18312532,,,,,
tt1551631,,,,,
tt1841930,,,,,
tt0346185,,,,,
tt0261800,,,,,
tt0251464,,,,,
tt0065852,29,29,,,
tt0217727,,,,,
tt1098201,,,,,
tt0138846,,,,,
tt0030185,,,,,
tt0083949,8,6,,,
tt3171340,,,,,
tt0010091,,,,,
tt0090591,,,,,
tt0071502,49,34,,,
tt6638536,,,,,
tt0304143,1,1,,,
tt4707450,,,,,
tt0236383,,,,,
tt7435570,,,,,
tt0432400,,,,,
tt0056835,2,3,,,
tt1227902,,,,,
tt0091635,49,146,50,,
tt1331307,83,86,,,
tt0084714,11,15,57,,
tt0047406,2,10,,,
tt0024507,11,22,,,
tt11905538,34,5,73,,
tt1194620,29,31,,,
tt3514016,1,1,,,
tt0255195,24,32,,,
tt6150942,11,15,64,,
tt2848446,,,,,
tt0166769,,,,,
tt11891246,13,27,,,
tt0291224,,,,,
tt12414062,,,,,
tt1233329,12,3,,,
tt11426572,26,81,57,,
tt0368679,1,1,,,
tt12885338,10,7,,,
tt11807888,36,35,,,
tt0086566,18,9,,,
tt11378230,,,,,
tt0042980,21,51,,,
tt1959550,40,16,40,,
tt1671674,,,,,
tt1846492,27,10,,,
tt11868816,,,,,
tt6421348,,,,,
tt0211343,,,,,
tt3332122,2,7,,,
tt6107630,,,,,
tt0929441,8,3,,,
tt1296899,102,60,,,
tt0273067,,,,,
tt3778760,,,,,
tt0361447,5,1,,,
tt0018051,31,40,,,
tt3302070,,,,,
tt7105548,10,1,,,
tt1419318,22,19,,,
tt0146571,5,6,,,
tt0175366,,,,,
tt0258264,1,1,,,
tt1674093,,,,,
tt0038764,4,19,,,
tt7258306,,,,,
tt0261397,,,,,
tt0102710,3,7,,,
tt1966503,,,,,
tt8896762,,,,,
tt0020602,2,9,,,
tt1716739,25,5,,,
tt1112830,,,,,
tt4165388,,,,,
tt6082388,,,,,
tt1895483,,,,,
tt0057424,,,,,
tt16969036,,,,,
tt9496406,,,,,
tt0115953,3,6,,,
tt0065198,17,11,,,
tt0314256,,,,,
tt0056147,,,,,
tt0012159,,,,,
tt0026758,19,23,,,
tt8305666,1,3,,,
tt0202872,,,,,
tt0097905,11,14,,,
tt0319623,,,,,
tt1730121,,,,,
tt5700182,164,99,74,,
tt0132910,24,157,,,
tt4498460,17,12,70,,
tt5303442,12,39,66,,
tt10520878,,,,,
tt0178654,4,1,,,
tt0047313,10,9,,,
tt2071477,3,3,,,
tt1008017,37,17,,,
tt0451999,12,6,,,
tt0032809,1,4,,,
tt2316801,112,65,39,,
tt0181469,2,1,,,
tt0205958,,,,,
tt1791576,30,10,30,,
tt0446685,49,30,61,,
tt3905366,,,,,
tt0088025,13,7,,,
tt0197388,,,,,
tt0050644,1,1,,,
tt2644690,1,2,,,
tt0349076,2,7,,,
tt0186389,,,,,
tt0781434,,,,,
tt0243471,,,,,
tt7218856,,,,,
tt1164629,1,2,,,
tt0800099,46,18,79,,
tt0128756,4,2,,,
tt0910867,,,,,
tt6782478,,,,,
tt0099228,,,,,
tt0245674,137,552,30,,
tt0166098,,,,,
tt3752316,,,,,
tt14113576,,,,,
tt10003978,20,7,80,,
tt0174319,,,,,
tt2107843,,,,,
tt0271742,,,,,
tt0255442,,,,,
tt0429766,,,,,
tt0068615,80,172,51,,
tt0040983,3,10,,,
tt5278480,,,,,
tt0114150,1,1,,,
tt0036132,,,,,
tt4905880,,,,,
tt0029811,53,120,,,
tt0388120,,,,,
tt0816149,2,1,,,
tt4948932,2,2,,,
tt10388548,,,,,
tt0416464,,,,,
tt8347754,5,6,,,
tt0364569,344,1.1K,77,,
tt2496972,18,4,,,
tt0174742,,,,,
tt0059875,2,5,,,
tt0368196,,,,,
tt0319348,,,,,
tt1344308,,,,,
tt0035938,5,15,,,
tt10153626,,,,,
tt0043271,,,,,
tt0126324,2,2,,,
tt27141553,,,,,
tt2668914,,,,,
tt0082262,1,3,,,
tt0007473,1,2,,,
tt17074540,,,,,
tt1260680,5,76,,,
tt3820948,,,,,
tt0114149,2,6,,,
tt0071647,31,45,,,
tt0426332,,,,,
tt0167787,3,4,,,
tt0186714,,,,,
tt0005739,,,,,
tt0407887,300,2.5K,85,,
tt0067095,9,9,,,
tt12379352,,,,,
tt1620552,,,,,
tt1244704,,,,,
tt2081883,,,,,
tt6588668,,,,,
tt0030637,42,97,,,
tt1844822,18,1,51,,
tt0143956,,,,,
tt2137326,,,,,
tt1590020,1,1,,,
tt0429230,,,,,
tt0413373,,,,,
tt2989524,28,71,52,,
tt4908802,,,,,
tt1720220,1,1,,,
tt1568802,11,7,,,
tt0173218,,,,,
tt0246744,5,6,,,
tt3628856,,,,,
tt0047022,,,,,
tt1548243,,,,,
tt0464996,,,,,
tt13907220,,,,,
tt0195071,,,,,
tt0174224,4,3,,,
tt3264762,,,,,
tt0236161,,,,,
tt2699356,,,,,
tt0064212,21,12,,,
tt0061009,,,,,
tt0184225,,,,,
tt0499601,2,3,,,
tt2152847,,,,,
tt0441268,,,,,
tt0004571,,,,,
tt0197056,,,,,
tt13339368,,,,,
tt7688892,,,,,
tt0080446,,,,,
tt0347363,,,,,
tt8710100,1,1,,,
tt8857590,1,2,,,
tt9328726,,,,,
tt0236598,6,10,,,
tt15486344,,,,,
tt0054719,1,1,,,
tt3652088,,,,,
tt0072392,19,20,,,
tt0419787,,,,,
tt2427050,,,,,
tt0047952,,,,,
tt22072316,,,,,
tt3645074,4,1,,,
tt1745958,11,44,,,
tt13328732,25,1,62,,
tt2782844,19,25,,,
tt0047847,,,,,
tt0063152,40,18,,,
tt9078338,15,2,63,,
tt1496832,2,10,,,
tt1235163,,,,,
tt0035502,4,9,,,
tt2649346,,,,,
tt0028976,1,1,,,
tt7773574,,,,,
tt0809356,,,,,
tt9600964,,,,,
tt13338422,,,,,
tt0128484,13,6,,,
tt0376461,,,,,
tt0207351,3,10,,,
tt4305756,,,,,
tt4048646,,,,,
tt0343814,,,,,
tt0201504,,,,,
tt1236215,,,,,
tt3828614,,,,,
tt0037557,6,28,,,
tt0077591,1,2,,,
tt0067094,16,16,,,
tt14097228,,,,,
tt1020853,1,8,,,
tt0112838,1,2,,,
tt1619811,,,,,
tt2247878,,,,,
tt1407262,,,,,
tt0866439,91,132,37,,
tt14534348,,,,,
tt0274792,,,,,
tt0261225,,,,,
tt14359098,,,,,
tt10741846,42,20,77,,
tt0182358,,,,,
tt0015775,,,,,
tt8896472,,,,,
tt0036961,1,9,,,
tt14304050,,,,,
tt0260705,,,,,
tt2382005,,,,,
tt0388744,,,,,
tt0426059,,,,,
tt0253801,1,1,,,
tt5253182,,,,,
tt1529558,10,4,,,
tt0352394,7,26,,,
tt3003980,9,12,,,
tt0078059,1,4,,,
tt1285313,,,,,
tt1431700,,,,,
tt0498282,3,3,,,
tt1649970,5,5,,,
tt12145322,19,15,,,
tt0040087,15,43,,,
tt1948512,,,,,
tt1617208,,,,,
tt16526498,,,,,
tt0096440,6,2,,,
tt7897316,23,2,,,
tt5974626,6,11,,,
tt2948782,,,,,
tt0069929,6,1,,,
tt5051224,,,,,
tt0116357,,,,,
tt2081314,1,4,,,
tt0095126,8,13,,,
tt8822390,,,,,
tt0049729,4,10,,,
tt0250684,,,,,
tt0006699,,,,,
tt0307527,,,,,
tt5928818,,,,,
tt2630096,,,,,
tt0271193,3,8,,,
tt2148548,,,,,
tt0826823,,,,,
tt0061878,11,7,,,
tt0791200,,,,,
tt0097063,,,,,
tt5157036,,,,,
tt0353894,,,,,
tt0493402,56,42,47,,
tt3743206,1,3,,,
tt0212435,,,,,
tt8435324,34,19,64,,
tt0221001,,,,,
tt1053793,,,,,
tt0008706,,,,,
tt0085671,15,3,,,
tt0328051,,,,,
tt6280722,,,,,
tt5844304,,,,,
tt0038682,3,1,,,
tt7594584,26,75,,,
tt2780610,,,,,
tt5124556,4,1,,,
tt13147112,,,,,
tt4119030,2,14,,,
tt0085648,,,,,
tt0928154,5,17,,,
tt0025176,2,5,,,
tt1074638,532,1.7K,81,,
tt0131396,3,12,,,
tt0174655,1,3,,,
tt3064338,37,3,,,
tt0052165,,,,,
tt23059396,,,,,
tt3007090,,,,,
tt0796906,,,,,
tt5218234,,,,,
tt1389752,,,,,
tt2732390,,,,,
tt0021382,2,7,,,
tt0081389,,,,,
tt8999972,6,10,,,
tt12802068,,,,,
tt3011164,,,,,
tt0057657,1,3,,,
tt0821765,,,,,
tt0349878,4,17,,,
tt3731580,9,8,,,
tt0106501,,,,,
tt0063745,,,,,
tt4783190,,,,,
tt5140182,15,3,62,,
tt2128688,,,,,
tt5278596,134,54,84,,
tt0028958,5,20,,,
tt2338480,,,,,
tt12076762,3,2,,,
tt1464605,,,,,
tt6131386,2,14,,,
tt0010298,2,2,,,
tt1522415,,,,,
tt4142728,,,,,
tt7159010,,,,,
tt12381488,1,1,,,
tt0088066,37,29,,,
tt1560136,,,,,
tt0248497,,,,,
tt0283267,,,,,
tt1429313,23,26,,,
tt0470817,,,,,
tt0014970,,,,,
tt6943138,,,,,
tt0116040,79,134,47,,
tt0091061,,,,,
tt0315940,,,,,
tt0078396,,,,,
tt10814494,,,,,
tt0086200,71,229,75,,
tt0111133,,,,,
tt0105098,,,,,
tt14354100,2,3,,,
tt0034890,23,92,,,
tt1031290,29,2,,,
tt1510274,,,,,
tt7403556,,,,,
tt10295936,6,12,,,
tt0147229,,,,,
tt0024772,42,51,,,
tt0197681,,,,,
tt3894762,2,7,,,
tt0488906,11,56,,,
tt2118662,,,,,
tt5243610,,,,,
tt1656194,30,5,,,
tt3844080,,,,,
tt0041414,1,8,,,
tt0121065,,,,,
tt3212568,23,6,73,,
tt0036592,,,,,
tt20951900,,,,,
tt0023502,,,,,
tt0224005,,,,,
tt0350610,,,,,
tt8896632,25,35,,,
tt11157030,,,,,
tt2715590,,,,,
tt0049153,,,,,
tt2274052,,,,,
tt5927562,,,,,
tt1446838,,,,,
tt4829436,2,2,,,
tt10329842,1,7,,,
tt0090565,13,14,,,
tt1947969,6,4,,,
tt0320136,,,,,
tt14581444,12,2,,,
tt4162012,12,2,,,
tt0363096,,,,,
tt0052919,,,,,
tt0012484,,,,,
tt1375668,,,,,
tt0047087,22,25,,,
tt0090090,,,,,
tt1090307,,,,,
tt7516778,3,12,,,
tt0097812,1,13,,,
tt0098220,5,18,,,
tt0160800,,,,,
tt0180264,,,,,
tt1865517,,,,,
tt0281707,,,,,
tt13276336,,,,,
tt15296658,3,1,,,
tt0041845,,,,,
tt11041352,,,,,
tt8774768,,,,,
tt5595422,,,,,
tt7424410,,,,,
tt4607906,,,,,
tt6182372,5,2,,,
tt9668966,,,,,
tt0484165,,,,,
tt0285255,,,,,
tt0302518,2,1,,,
tt0080554,8,5,,,
tt0303127,,,,,
tt0028941,5,4,,,
tt15430152,,,,,
tt18334770,,,,,
tt1320297,14,2,,,
tt11355340,,,,,
tt5216674,5,4,,,
tt11213140,,,,,
tt18966546,,,,,
tt18316132,,,,,
tt2110387,,,,,
tt0055336,7,11,,,
tt0354005,,,,,
tt0031536,11,29,,,
tt10467332,,,,,
tt7959910,,,,,
tt0323103,7,11,,,
tt1961538,,,,,
tt0025838,4,8,,,
tt0381558,,,,,
tt1393838,,,,,
tt0420241,,,,,
tt0068605,3,6,,,
tt0762121,125,222,52,,
tt10986394,9,14,,,
tt0405297,,,,,
tt0004651,,,,,
tt4768354,,,,,
tt16410620,12,4,,,
tt11859518,1,4,,,
tt0809432,25,3,,,
tt21033938,,,,,
tt5615670,,,,,
tt0031585,2,2,,,
tt6551438,,,,,
tt7474996,,,,,
tt0085236,8,15,,,
tt0283337,13,20,64,,
tt0175215,,,,,
tt0311764,,,,,
tt1492851,,,,,
tt0362100,2,2,,,
tt1230112,,,,,
tt0182028,,,,,
tt7752880,,,,,
tt0040531,,,,,
tt0213971,,,,,
tt2591834,,,,,
tt0106979,7,7,,,
tt0154553,,,,,
tt0098201,,,,,
tt0431640,,,,,
tt4870924,,,,,
tt15249650,,,,,
tt8747696,6,4,,,
tt0320483,10,28,,,
tt1042494,,,,,
tt4511566,31,47,,,
tt3093520,14,5,56,,
tt0064553,16,19,,,
tt0209463,78,58,86,,
tt1037223,39,8,55,,
tt0044377,,,,,
tt0306452,,,,,
tt0386514,,,,,
tt11552492,,,,,
tt1332125,13,9,,,
tt0236165,1,1,,,
tt0378430,,,,,
tt0164353,,,,,
tt0104545,21,47,,,
tt0095860,,,,,
tt1003189,1,1,,,
tt0286244,164,324,91,,
tt1873586,,,,,
tt1398944,,,,,
tt9306714,,,,,
tt4721124,63,108,60,,
tt0182481,,,,,
tt2668150,22,2,,,
tt11045566,6,37,,,
tt0272012,6,1,,,
tt5123970,,,,,
tt0132907,2,16,,,
tt8633088,,,,,
tt0087364,,,,,
tt0127272,2,11,,,
tt0211661,28,36,,,
tt0030118,1,2,,,
tt0201899,18,37,35,,
tt6892064,5,26,,,
tt8174446,,,,,
tt0190319,,,,,
tt4321938,,,,,
tt0059805,,,,,
tt0156298,,,,,
tt0134771,15,8,,,
tt0229193,,,,,
tt2315152,26,47,,,
tt5126986,,,,,
tt1338636,,,,,
tt5153158,,,,,
tt6037540,,,,,
tt6499694,4,26,,,
tt0100704,,,,,
tt0104528,,,,,
tt8746608,,,,,
tt14011090,,,,,
tt0012520,,,,,
tt0059233,,,,,
tt16254016,,,,,
tt0144142,37,40,44,,
tt0910885,47,64,28,,
tt0141186,3,8,,,
tt6681608,,,,,
tt0062912,2,1,,,
tt2193199,,,,,
tt0061481,,,,,
tt0243481,,,,,
tt0378528,,,,,
tt1784606,,,,,
tt0039064,1,9,,,
tt0138845,,,,,
tt0388932,,,,,
tt0060826,2,3,,,
tt0197490,,,,,
tt6836936,23,899,,,
tt6567022,,,,,
tt10612922,259,265,83,,
tt5862688,,,,,
tt0063751,15,6,,,
tt12213088,,,,,
tt1401224,,,,,
tt14555712,,,,,
tt15174040,15,5,81,,
tt1185344,24,19,41,,
tt0031468,,,,,
tt0208583,,,,,
tt14775838,,,,,
tt0867465,2,2,,,
tt2385952,,,,,
tt9078990,,,,,
tt2517256,,,,,
tt0778829,,,,,
tt14104780,11,1,,,
tt0199853,7,3,,,
tt22777864,,,,,
tt20318356,,,,,
tt0175753,,,,,
tt0091696,2,3,,,
tt0084159,,,,,
tt0313250,6,23,,,
tt2933544,77,77,55,,
tt0263905,2,3,,,
tt3703382,,,,,
tt3697222,,,,,
tt0476988,,,,,
tt0078090,,,,,
tt2245003,111,61,59,,
tt0317273,4,5,,,
tt1899127,,,,,
tt0023057,,,,,
tt7631816,15,6,,,
tt0405775,,,,,
tt6953792,,,,,
tt0001586,,,,,
tt2220006,1,1,,,
tt0078846,37,22,64,,
tt0033393,1,2,,,
tt0251047,,,,,
tt1604115,,,,,
tt9101048,,,,,
tt0334807,,,,,
tt1838519,,,,,
tt0178850,,,,,
tt3564472,118,246,71,,
tt0482034,,,,,
tt4155384,,,,,
tt7618636,,,,,
tt0420026,,,,,
tt4388222,,,,,
tt0094737,98,278,73,,
tt7133340,,,,,
tt4614922,,,,,
tt6712118,,,,,
tt0120783,62,330,64,,
tt0055825,,,,,
tt0076607,,,,,
tt2181959,3,18,,,
tt0327387,1,6,,,
tt0064569,2,4,,,
tt0238405,,,,,
tt0162349,,,,,
tt0096378,25,81,,,
tt8677246,,,,,
tt0218822,4,7,,,
tt2668158,,,,,
tt0262258,,,,,
tt0058610,7,12,,,
tt3324302,,,,,
tt8911302,,,,,
tt3053864,,,,,
tt0187417,,,,,
tt4214788,,,,,
tt0324328,,,,,
tt2100632,2,1,,,
tt1051699,,,,,
tt21637984,,,,,
tt0423129,,,,,
tt1535110,13,10,35,,
tt0171469,1,1,,,
tt0302674,96,335,54,,
tt0110480,8,8,,,
tt4242982,,,,,
tt0378697,,,,,
tt5250946,,,,,
tt0112428,,,,,
tt11722496,,,,,
tt10360860,,,,,
tt1858799,3,14,,,
tt20115096,23,37,49,,
tt6809036,,,,,
tt5593444,,,,,
tt0091165,15,37,15,,
tt0021377,10,20,,,
tt1932767,171,116,74,,
tt0166177,,,,,
tt0276209,,,,,
tt6226458,4,6,,,
tt0273900,,,,,
tt2071530,,,,,
tt2040365,,,,,
tt7232940,,,,,
tt4842312,,,,,
tt0007042,,,,,
tt0248110,6,20,,,
tt6347482,,,,,
tt5458650,,,,,
tt0280119,,,,,
tt2326612,113,304,36,,
tt0289782,10,14,,,
tt0140377,1,20,,,
tt0052072,,,,,
tt15010664,,,,,
tt0241012,,,,,
tt0067597,,,,,
tt2104917,,,,,
tt0046468,9,3,,,
tt3155298,66,458,53,,
tt0419165,,,,,
tt0821642,203,166,61,,
tt1855246,,,,,
tt2246520,3,1,,,
tt0039891,,,,,
tt1436484,,,,,
tt0054493,,,,,
tt2244242,,,,,
tt7037010,,,,,
tt6228672,5,1,,,
tt1502400,,,,,
tt9297754,24,6,,,
tt2267784,,,,,
tt0300947,,,,,
tt6076668,47,34,,,
tt0190421,,,,,
tt6181594,,,,,
tt1525890,37,103,,,
tt0203239,,,,,
tt1846732,,,,,
tt8358314,,,,,
tt6426022,,,,,
tt0064733,2,6,,,
tt15553842,,,,,
tt3645988,43,46,,,
tt0315264,,,,,
tt0244977,,,,,
tt3409640,47,6,,,
tt0017962,,,,,
tt2641792,,,,,
tt0015661,,,,,
tt2655740,,,,,
tt8811136,7,5,,,
tt8404272,12,10,,,
tt6864864,12,16,,,
tt0079706,,,,,
tt0423286,,,,,
tt0054010,,,,,
tt0216295,1,1,,,
tt0396451,,,,,
tt0086434,22,14,,,
tt1118674,,,,,
tt0284214,11,17,,,
tt2301197,,,,,
tt0028052,4,2,,,
tt2301057,,,,,
tt0176069,,,,,
tt0936504,6,1,,,
tt0056542,,,,,
tt0052528,7,9,,,
tt0291881,,,,,
tt3468006,,,,,
tt0354067,,,,,
tt0115616,,,,,
tt0367814,,,,,
tt1356794,,,,,
tt0278321,,,,,
tt0019290,5,8,,,
tt2072134,32,18,,,
tt3353060,6,21,,,
tt3696358,1,1,,,
tt8119302,,,,,
tt1791574,,,,,
tt5572792,,,,,
tt0006456,,,,,
tt1603879,,,,,
tt7608092,,,,,
tt0892255,168,84,,,
tt5423636,22,1,,,
tt0095463,1,1,,,
tt0228498,7,3,,,
tt0324343,,,,,
tt0492650,4,9,,,
tt0157316,1,6,,,
tt0488929,,,,,
tt0178858,,,,,
tt1742067,2,1,,,
tt0422908,1,4,,,
tt3673954,,,,,
tt0065704,,,,,
tt3264890,,,,,
tt6936224,,,,,
tt0239015,,,,,
tt8409498,1,15,,,
tt2691726,,,,,
tt0359875,,,,,
tt10524746,,,,,
tt0997170,2,4,,,
tt0327947,,,,,
tt1312954,,,,,
tt20231014,,,,,
tt2113638,,,,,
tt0370438,,,,,
tt0106308,253,716,59,,
tt4464394,26,73,21,,
tt0064757,137,619,61,,
tt0180974,,,,,
tt0140003,,,,,
tt3228124,,,,,
tt1793239,56,21,55,,
tt13073962,,,,,
tt2325604,,,,,
tt0065958,6,3,,,
tt1438212,,,,,
tt0232076,,,,,
tt0060362,4,9,,,
tt0145354,,,,,
tt0882967,6,3,,,
tt1826959,,,,,
tt0262580,,,,,
tt0033078,,,,,
tt0220095,3,4,,,
tt1740502,,,,,
tt1690542,,,,,
tt9020428,,,,,
tt10905616,1,41,,,
tt6941984,,,,,
tt0171791,,,,,
tt2828140,,,,,
tt0290331,1,4,,,
tt1010380,,,,,
tt3100678,40,21,,,
tt0095308,,,,,
tt0926040,,,,,
tt0337585,13,14,52,,
tt2971414,1,5,,,
tt12778140,,,,,
tt0039075,1,6,,,
tt0106807,,,,,
tt0100267,,,,,
tt0068295,15,16,,,
tt4698684,233,358,81,,
tt0324199,,,,,
tt13058156,,,,,
tt0163669,2,1,,,
tt1356540,,,,,
tt0083706,,,,,
tt0034102,8,7,,,
tt1830739,,,,,
tt1150946,,,,,
tt0104927,1,2,,,
tt11143444,1,2,,,
tt0326317,,,,,
tt1495768,10,1,,,
tt7331424,1,5,,,
tt4081260,,,,,
tt0067246,3,1,,,
tt1592503,79,26,,,
tt0447349,,,,,
tt0049329,,,,,
tt0261816,,,,,
tt0025806,,,,,
tt0072053,9,13,,,
tt6620412,,,,,
tt0162991,2,1,,,
tt1579748,,,,,
tt0080436,30,51,,,
tt0100426,2,1,,,
tt0361920,,,,,
tt0265426,,,,,
tt2301153,,,,,
tt6729000,40,55,71,,
tt22048322,,,,,
tt0322824,66,46,76,,
tt0414023,,,,,
tt1864411,,,,,
tt0029711,,,,,
tt0428663,2,4,,,
tt12496706,58,49,51,,
tt0037118,,,,,
tt0180889,,,,,
tt6134982,13,1,,,
tt2638104,3,12,,,
tt0046752,,,,,
tt0403407,103,51,,,
tt14365790,14,7,,,
tt3844876,13,61,,,
tt4697026,1,1,,,
tt12003372,2,1,,,
tt0100738,,,,,
tt1935156,204,93,79,,
tt6940952,,,,,
tt1521237,3,1,,,
tt7180784,,,,,
tt1043845,18,13,,,
tt1980083,,,,,
tt0334917,13,5,,,
tt0231546,,,,,
tt0047900,2,1,,,
tt0876294,64,129,,,
tt14826266,,,,,
tt0092982,2,3,,,
tt1801050,,,,,
tt0426291,,,,,
tt3103350,,,,,
tt1204935,,,,,
tt0035850,6,6,,,
tt1399000,,,,,
tt0401248,47,41,66,,
tt0175820,,,,,
tt0085980,22,32,17,,
tt2023701,,,,,
tt11023454,,,,,
tt0040806,45,84,,,
tt0333788,,,,,
tt7576626,,,,,
tt8583520,,,,,
tt0353240,,,,,
tt1105301,,,,,
tt0207455,,,,,
tt4934886,,,,,
tt13761172,,,,,
tt8033592,17,38,,,
tt22360682,6,5,,,
tt1292642,7,7,,,
tt0461769,14,6,,,
tt1454700,,,,,
tt0357092,,,,,
tt0264883,,,,,
tt4653714,,,,,
tt0263017,,,,,
tt0038873,36,105,,,
tt0088678,18,32,,,
tt1219167,,,,,
tt1789814,,,,,
tt0362804,6,4,,,
tt1680724,,,,,
tt0108610,,,,,
tt0305370,,,,,
tt0063620,1,1,,,
tt0032328,1,2,,,
tt15723074,,,,,
tt0275754,,,,,
tt0363645,,,,,
tt0322146,,,,,
tt0055064,,,,,
tt0133273,,,,,
tt3679060,26,32,,,
tt0116281,,,,,
tt4614362,,,,,
tt0231494,,,,,
tt0099593,1,2,,,
tt0167137,3,21,,,
tt12731348,,,,,
tt0078728,2,6,,,
tt13440294,3,51,,,
tt0027932,1,6,,,
tt25177688,,,,,
tt1067765,41,55,61,,
tt0065670,2,10,,,
tt0107473,28,69,71,,
tt0048279,2,11,,,
tt1737691,,,,,
tt0093589,16,20,,,
tt12181374,,,,,
tt0348536,7,1,,,
tt0261623,,,,,
tt0471915,,,,,
tt0256150,,,,,
tt0180466,,,,,
tt0073817,37,54,,,
tt0028527,1,8,,,
tt1067069,5,24,,,
tt4983780,7,280,,,
tt4595114,,,,,
tt1311644,,,,,
tt3838154,,,,,
tt3364722,,,,,
tt8396210,,,,,
tt5125726,,,,,
tt1748207,140,92,67,,
tt0151750,,,,,
tt6653550,,,,,
tt11007470,,,,,
tt0028380,,,,,
tt0203683,,,,,
tt2359924,,,,,
tt2649126,16,1,,,
tt0195318,1,2,,,
tt0147699,,,,,
tt0063771,28,16,,,
tt2872750,244,139,81,,
tt0362241,,,,,
tt0095626,24,43,,,
tt2836568,,,,,
tt10560778,,,,,
tt0059096,1,19,,,
tt0467506,29,15,,,
tt1827527,,,,,
tt0092634,,,,,
tt2093286,,,,,
tt0031724,1,1,,,
tt0011281,,,,,
tt0041321,,,,,
tt5578722,3,2,,,
tt2649912,,,,,
tt0150413,,,,,
tt0324502,1,1,,,
tt1815746,19,25,,,
tt1556146,,,,,
tt5742932,,,,,
tt0174732,2,10,,,
tt9357626,,,,,
tt2419450,,,,,
tt1620449,39,50,,,
tt5737166,35,7,,,
tt4860014,,,,,
tt6166228,,,,,
tt0108521,5,9,,,
tt1789038,,,,,
tt2326107,,,,,
tt2293036,,,,,
tt4934152,,,,,
tt3407582,,,,,
tt0181323,1,4,,,
tt15392422,,,,,
tt0192765,,,,,
tt0168902,,,,,
tt3781548,,,,,
tt0019976,9,31,,,
tt4819470,,,,,
tt6545212,1,118,,,
tt0416664,6,3,,,
tt1687269,,,,,
tt4265096,1,13,,,
tt0077527,,,,,
tt0214082,,,,,
tt0329995,1,1,,,
tt0369221,,,,,
tt3276944,10,2,,,
tt4228924,,,,,
tt11671040,1,3,,,
tt3429740,,,,,
tt3364264,8,22,65,,
tt0078432,,,,,
tt0120883,12,3,,,
tt0058896,,,,,
tt0078986,2,4,,,
tt1326236,,,,,
tt4765870,24,23,,,
tt12466240,10,16,,,
tt5518358,1,4,,,
tt0290402,,,,,
tt0050743,,,,,
tt6113666,3,6,,,
tt2906280,,,,,
tt0469681,,,,,
tt10875196,,,,,
tt0275230,53,98,44,,
tt3312762,,,,,
tt0345128,6,4,,,
tt0301893,7,57,9,,
tt0400635,,,,,
tt7821538,,,,,
tt0182035,,,,,
tt1956603,,,,,
tt0113372,,,,,
tt2170406,,,,,
tt0064422,,,,,
tt0022918,3,10,,,
tt0239249,,,,,
tt1399938,,,,,
tt0166396,72,245,71,,
tt2275853,,,,,
tt3350124,1,1,,,
tt1191114,4,2,,,
tt3770768,,,,,
tt0052003,1,9,,,
tt0135684,,,,,
tt5081304,5,8,,,
tt3864024,44,45,42,,
tt3560546,4,2,,,
tt0128332,3,10,,,
tt0031732,,,,,
tt9610596,,,,,
tt4613576,,,,,
tt0056055,23,34,,,
tt0211556,,,,,
tt13546124,,,,,
tt21922264,,,,,
tt0033323,5,21,,,
tt0118685,7,10,,,
tt0087525,7,18,,,
tt0439459,,,,,
tt4132548,,,,,
tt1381278,,,,,
tt0195685,142,569,73,,
tt5699154,64,17,,,
tt0346585,,,,,
tt0145209,,,,,
tt1887936,3,1,,,
tt3204734,6,44,,,
tt1045160,,,,,
tt4613780,6,19,,,
tt2557924,,,,,
tt3913452,,,,,
tt7938054,15,8,,,
tt1986816,,,,,
tt10652780,16,1,,,
tt4909070,,,,,
tt0098278,,,,,
tt0063180,,,,,
tt1784589,25,37,,,
tt0218861,,,,,
tt0136694,2,2,,,
tt0076291,,,,,
tt4581722,,,,,
tt0274798,,,,,
tt0067992,96,473,67,,
tt1213124,,,,,
tt0027006,,,,,
tt0470884,,,,,
tt5327286,,,,,
tt13362890,11,39,,,
tt0081076,36,17,,,
tt0254455,89,155,65,,
tt0099905,,,,,
tt1284990,,,,,
tt0245252,,,,,
tt0076081,11,8,,,
tt0446965,,,,,
tt1979257,,,,,
tt0318844,,,,,
tt0290002,133,458,41,,
tt0098368,19,8,,,
tt5358714,15,1,,,
tt3137764,15,25,41,,
tt0297332,,,,,
tt3328762,7,2,,,
tt1846479,,,,,
tt9675274,3,60,,,
tt1298644,149,694,35,,
tt3573598,71,23,71,,
tt8066972,25,18,63,,
tt6556890,57,146,,,
tt2671776,,,,,
tt0268585,1,2,,,
tt0847758,,,,,
tt11115272,,,,,
tt0082443,3,11,,,
tt0426073,,,,,
tt15804218,,,,,
tt1534013,,,,,
tt1336002,,,,,
tt0480128,,,,,
tt13084912,5,2,,,
tt1015471,24,25,60,,
tt0380636,2,1,,,
tt14331144,40,77,71,,
tt13096232,,,,,
tt0025138,,,,,
tt0439746,3,2,,,
tt5101960,,,,,
tt1105512,65,26,57,,
tt0219353,,,,,
tt0093030,,,,,
tt7366340,,,,,
tt6814914,28,7,,,
tt0150079,3,6,,,
tt0258032,,,,,
tt0353010,,,,,
tt0100587,6,5,,,
tt2607890,,,,,
tt1878969,,,,,
tt0431498,,,,,
tt0445388,,,,,
tt0991010,4,4,,,
tt0240090,,,,,
tt12219112,,,,,
tt0052722,32,80,80,,
tt0160624,,,,,
tt8171022,,,,,
tt0108672,,,,,
tt0034002,2,7,,,
tt0112385,,,,,
tt8074340,52,5,,,
tt5125104,,,,,
tt2220694,,,,,
tt1009017,6,18,,,
tt0498094,,,,,
tt0197227,2,13,,,
tt1473093,,,,,
tt6192716,,,,,
tt5118514,,,,,
tt15166394,,,,,
tt0167339,,,,,
tt1084950,230,320,83,,
tt1577809,,,,,
tt16445498,5,1,,,
tt0045966,24,53,,,
tt0059850,4,2,,,
tt5891746,,,,,
tt0056428,,,,,
tt0928194,2,2,,,
tt0289557,,,,,
tt0887711,,,,,
tt0021691,2,4,,,
tt2091883,,,,,
tt0995730,,,,,
tt11602542,,,,,
tt0007910,,,,,
tt0110773,5,4,,,
tt0064992,1,1,,,
tt0133060,,,,,
tt2182019,58,34,,,
tt0140428,4,7,,,
tt0154139,,,,,
tt2328188,,,,,
tt14074042,,,,,
tt0031613,,,,,
tt1194674,,,,,
tt0126985,5,2,,,
tt0323158,,,,,
tt0494216,2,1,,,
tt6579888,3,1,,,
tt0139728,6,1,,,
tt1691153,23,34,,,
tt2462604,,,,,
tt0105278,,,,,
tt0022581,,,,,
tt2196746,,,,,
tt5740852,14,25,67,,
tt1538290,,,,,
tt0782155,,,,,
tt3950932,,,,,
tt0124545,,,,,
tt1410282,2,1,,,
tt0082311,,,,,
tt2078523,30,5,,,
tt0167076,,,,,
tt0118820,,,,,
tt0405121,1,5,,,
tt0385103,,,,,
tt1727375,16,1,,,
tt0383638,,,,,
tt0087352,,,,,
tt4905732,,,,,
tt2066155,1,1,,,
tt0148771,,,,,
tt0032221,13,29,,,
tt3501232,,,,,
tt9359696,,,,,
tt12868066,,,,,
tt0160945,,,,,
tt7119492,,,,,
tt3492330,12,1,,,
tt21339834,2,1,,,
tt0259690,3,4,,,
tt0424234,4,7,,,
tt5704368,20,9,,,
tt0345712,,,,,
tt10521244,2,2,,,
tt1853739,418,466,66,,
tt0349835,4,1,,,
tt0016073,,,,,
tt2357201,3,2,,,
tt1542905,,,,,
tt0287319,,,,,
tt0156011,,,,,
tt1957993,,,,,
tt18269838,7,10,66,,
tt0062393,2,2,,,
tt0172625,,,,,
tt0040713,,,,,
tt1249414,37,2,75,,
tt8764384,,,,,
tt3799694,459,602,70,,
tt0038132,,,,,
tt0274022,,,,,
tt0049761,2,1,,,
tt0053422,,,,,
tt7798646,69,121,62,,
tt3723940,,,,,
tt20673836,1,1,,,
tt0276203,,,,,
tt0089751,,,,,
tt2852640,,,,,
tt1946157,,,,,
tt1778210,,,,,
tt0031146,,,,,
tt0107210,1,4,,,
tt0063402,12,21,,,
tt3265542,,,,,
tt0132686,,,,,
tt10911998,,,,,
tt3331930,,,,,
tt1396235,1,1,,,
tt9788930,,,,,
tt0446686,,,,,
tt7820502,,,,,
tt7952200,,,,,
tt0354104,,,,,
tt0067676,4,3,,,
tt14057058,,,,,
tt0041746,23,58,,,
tt0051653,1,5,,,
tt16306290,,,,,
tt0195084,,,,,
tt0090964,,,,,
tt0088151,1,5,,,
tt0487903,,,,,
tt5116302,44,455,69,,
tt2664822,,,,,
tt0378663,,,,,
tt1730706,2,1,,,
tt7749928,,,,,
tt0120171,4,7,,,
tt10638582,1,1,,,
tt0119014,,,,,
tt9377978,,,,,
tt0083020,,,,,
tt0245841,,,,,
tt0888032,,,,,
tt0093959,1,3,,,
tt1828325,,,,,
tt0042830,1,10,,,
tt3231482,1,2,,,
tt4047126,3,2,,,
tt11317110,,,,,
tt0365712,,,,,
tt1869542,,,,,
tt0016294,2,7,,,
tt0276223,,,,,
tt13647276,,,,,
tt9619402,,,,,
tt0116866,21,5,87,,
tt0025972,2,6,,,
tt0372249,,,,,
tt11300696,5,1,,,
tt1753562,,,,,
tt0410890,,,,,
tt0411854,,,,,
tt0055442,,,,,
tt0241908,,,,,
tt0226286,,,,,
tt0010935,,,,,
tt0099399,42,63,,,
tt0456413,4,14,,,
tt4570788,,,,,
tt5446460,,,,,
tt6574146,24,43,,,
tt0259452,,,,,
tt5525846,,,,,
tt0185181,,,,,
tt9799088,,,,,
tt6693242,1,6,,,
tt0074486,171,712,87,,
tt1964467,,,,,
tt0050109,,,,,
tt0131344,,,,,
tt0254842,,,,,
tt0283269,2,6,,,
tt0094618,6,5,,,
tt0477300,,,,,
tt9573180,18,5,,,
tt0047270,,,,,
tt2293038,,,,,
tt0110822,,,,,
tt2579732,,,,,
tt0140337,1,6,,,
tt1513054,4,1,,,
tt0353761,,,,,
tt0389931,,,,,
tt0459894,,,,,
tt1618386,2,1,,,
tt8571428,,,,,
tt0012490,,,,,
tt3144524,,,,,
tt0101288,,,,,
tt8515368,,,,,
tt0123526,1,1,,,
tt0080635,,,,,
tt1826701,,,,,
tt0092703,,,,,
tt0237306,,,,,
tt0477629,,,,,
tt11908078,,,,,
tt1179376,,,,,
tt0074166,,,,,
tt0072684,110,539,89,,
tt0309912,72,107,71,,
tt0089369,,,,,
tt0068536,,,,,
tt19363758,,,,,
tt0145641,1,5,,,
tt0496673,16,8,,,
tt0055951,,,,,
tt7135738,3,1,,,
tt0213639,,,,,
tt8908006,,,,,
tt0127846,,,,,
tt14142892,1,18,,,
tt1696541,,,,,
tt0072198,23,23,,,
tt0060861,,,,,
tt3688034,,,,,
tt2009550,7,1,,,
tt0070530,,,,,
tt0110215,11,9,,,
tt5243900,4,6,,,
tt2055716,4,3,,,
tt0800069,160,247,32,,
tt0461126,,,,,
tt0064607,2,1,,,
tt0178927,,,,,
tt0061118,,,,,
tt5786184,,,,,
tt3174292,4,2,,,
tt10434706,,,,,
tt0052617,14,20,,,
tt10642834,63,55,80,,
tt11422894,,,,,
tt0011130,72,86,,,
tt0826796,,,,,
tt0115067,11,14,,,
tt0072590,9,8,,,
tt0039192,115,187,86,,
tt11779042,,,,,
tt9860728,39,304,,,
tt0046996,,,,,
tt26595548,,,,,
tt0023316,4,8,,,
tt0145929,5,10,,,
tt0099153,13,15,,,
tt1659193,,,,,
tt0830209,,,,,
tt1559036,43,34,61,,
tt0022029,1,6,,,
tt0450412,4,4,,,
tt3247924,,,,,
tt1820488,99,30,84,,
tt4264562,11,1,,,
tt0047632,,,,,
tt0046918,,,,,
tt3040964,462,640,77,,
tt2756644,1,3,,,
tt3697240,2,5,,,
tt1871360,,,,,
tt0480051,6,2,,,
tt1934169,,,,,
tt4112208,4,10,,,
tt4549066,,,,,
tt0162867,,,,,
tt1427274,,,,,
tt0053146,56,89,81,,
tt0376839,2,1,,,
tt0070729,,,,,
tt2731130,3,1,,,
tt0053122,,,,,
tt0105396,4,11,,,
tt13623236,,,,,
tt0118613,,,,,
tt5461956,22,86,21,,
tt2396679,,,,,
tt17523226,,,,,
tt10869774,,,,,
tt0086370,12,18,,,
tt0094905,,,,,
tt0430420,,,,,
tt5472714,,,,,
tt0095196,,,,,
tt3951266,,,,,
tt0022977,,,,,
tt5206098,4,5,,,
tt5712844,2,2,,,
tt5318156,,,,,
tt0181111,,,,,
tt0269826,,,,,
tt2009592,4,8,,,
tt0099124,,,,,
tt1444300,,,,,
tt6264928,11,3,,,
tt0089873,1,1,,,
tt22742070,,,,,
tt16162830,,,,,
tt0466794,,,,,
tt0040956,,,,,
tt0083300,3,2,,,
tt0110516,22,60,,,
tt0108293,9,6,,,
tt6908978,,,,,
tt0073706,3,7,,,
tt15710032,,,,,
tt0238735,,,,,
tt0171433,96,269,60,,
tt0121418,,,,,
tt0078099,,,,,
tt0173697,,,,,
tt2139535,,,,,
tt2820226,5,1,,,
tt1442205,,,,,
tt7345930,12,65,,,
tt0013201,18,29,,,
tt9155302,,,,,
tt3430042,4,13,,,
tt0073128,1,1,,,
tt0061634,41,65,,,
tt8764762,,,,,
tt0145835,,,,,
tt8184802,,,,,
tt0012548,,,,,
tt0312771,,,,,
tt0053605,,,,,
tt6288694,41,103,49,,
tt2070883,15,2,,,
tt0035211,32,94,,,
tt0320453,,,,,
tt0160697,,,,,
tt0197293,,,,,
tt0311395,,,,,
tt0445205,,,,,
tt0473342,3,2,,,
tt6047852,25,1,,,
tt1042463,,,,,
tt8206940,1,5,,,
tt5137944,,,,,
tt7503072,,,,,
tt0340227,11,7,,,
tt0032505,2,15,,,
tt3369248,21,6,66,,
tt13300924,,,,,
tt2114501,,,,,
tt12186676,,,,,
tt0398360,,,,,
tt0356666,,,,,
tt12752802,,,,,
tt0307453,134,362,48,,
tt2111292,1,8,,,
tt1496005,83,20,58,,
tt0120843,,,,,
tt0198604,,,,,
tt0065610,13,34,,,
tt0089821,32,16,,,
tt0060730,,,,,
tt12738164,,,,,
tt4138306,,,,,
tt4292478,,,,,
tt14773866,,,,,
tt0251182,1,2,,,
tt0013093,,,,,
tt2430166,,,,,
tt0031420,,,,,
tt0031519,1,1,,,
tt0810822,,,,,
tt0037148,,,,,
tt1785670,3,6,,,
tt3621718,,,,,
tt0145423,4,4,,,
tt0287811,4,8,,,
tt7889902,,,,,
tt3325802,10,1,,,
tt0348011,,,,,
tt0236193,,,,,
tt0062816,1,6,,,
tt0088188,,,,,
tt6495564,,,,,
tt2712216,,,,,
tt1702543,21,5,,,
tt0169641,,,,,
tt0038823,34,52,,,
tt0205485,,,,,
tt2966846,,,,,
tt10092736,12,1,,,
tt6402950,,,,,
tt1826873,,,,,
tt0028807,6,18,,,
tt2934408,,,,,
tt8348286,,,,,
tt2104844,,,,,
tt0403326,,,,,
tt0158798,,,,,
tt0104702,1,19,,,
tt6880058,3,11,,,
tt6324614,42,43,,,
tt0164370,2,2,,,
tt0001113,,,,,
tt8290478,16,2,,,
tt0074465,,,,,
tt2258641,,,,,
tt6235470,,,,,
tt0199987,1,3,,,
tt0101652,,,,,
tt0257852,,,,,
tt0028343,,,,,
tt1657510,67,64,37,,
tt4781612,143,145,68,,
tt0356485,5,4,,,
tt0473502,,,,,
tt0154663,1,2,,,
tt3043630,5,13,,,
tt0054971,1,7,,,
tt0067760,,,,,
tt1312246,3,4,,,
tt0045143,,,,,
tt1485750,,,,,
tt0069015,2,3,,,
tt6771164,,,,,
tt0134187,,,,,
tt1029285,2,11,,,
tt0060099,9,16,,,
tt0371974,1,3,,,
tt0187345,,,,,
tt0042059,6,4,,,
tt0066143,4,4,,,
tt0441516,,,,,
tt8116116,,,,,
tt1289802,3,1,,,
tt0409459,348,1.5K,56,,
tt16137982,8,4,,,
tt14550344,,,,,
tt2248755,,,,,
tt6315524,6,26,,,
tt0145711,,,,,
tt0054986,2,1,,,
tt4396010,12,3,,,
tt9554958,,,,,
tt6685410,,,,,
tt1540028,,,,,
tt0209320,,,,,
tt0293020,1,1,,,
tt0070157,19,20,,,
tt1459981,,,,,
tt1377396,,,,,
tt0419194,,,,,
tt0207195,25,6,64,,
tt0156132,,,,,
tt0177705,,,,,
tt0178930,,,,,
tt0113096,,,,,
tt0047694,,,,,
tt15779054,,,,,
tt10643918,9,9,,,
tt1532513,10,4,,,
tt2199543,73,13,64,,
tt0151886,1,3,,,
tt0433927,,,,,
tt0014203,,,,,
tt1693838,,,,,
tt2057913,,,,,
tt5137986,,,,,
tt1931444,1,1,,,
tt0032596,4,14,,,
tt15731122,,,,,
tt0073252,,,,,
tt0201538,10,9,73,,
tt6888362,16,3,,,
tt0024664,5,14,,,
tt2324296,,,,,
tt0066777,,,,,
tt15384272,1,1,,,
tt5521836,,,,,
tt10342350,4,2,,,
tt0072142,5,1,,,
tt0359771,,,,,
tt0173686,,,,,
tt0196857,54,62,32,,
tt3487306,,,,,
tt0075279,,,,,
tt1802529,3,6,44,,
tt0054336,,,,,
tt0049492,,,,,
tt0259335,,,,,
tt1160012,3,9,,,
tt2597554,,,,,
tt7514302,,,,,
tt0046436,22,55,,,
tt3119050,,,,,
tt1297844,,,,,
tt2327439,1,1,,,
tt7231546,9,44,,,
tt2603486,,,,,
tt0050782,39,43,,,
tt0077567,3,1,,,
tt9169318,5,7,,,
tt7999072,3,2,,,
tt20000072,,,,,
tt1800307,,,,,
tt0112513,3,16,,,
tt0189908,1,1,,,
tt0058272,,,,,
tt0499484,9,128,,,
tt0272646,,,,,
tt0304894,3,1,,,
tt7681514,,,,,
tt0077645,17,13,,,
tt0111406,2,4,,,
tt11840988,26,41,,,
tt8318200,,,,,
tt0071263,,,,,
tt0108009,,,,,
tt9179226,,,,,
tt3394972,10,5,,,
tt15418540,,,,,
tt7705824,,,,,
tt0183873,,,,,
tt12525800,,,,,
tt0424025,42,69,,,
tt0041316,,,,,
tt2961230,,,,,
tt0048291,11,34,,,
tt0042627,3,6,,,
tt0029240,2,2,,,
tt1829733,,,,,
tt2653224,,,,,
tt0073246,,,,,
tt0412554,6,6,,,
tt1783780,26,8,,,
tt8541354,,,,,
tt0069287,,,,,
tt0066913,6,4,,,
tt1437413,,,,,
tt4455634,,,,,
tt2956858,2,1,,,
tt0847505,,,,,
tt0820162,2,4,,,
tt0074916,52,32,,,
tt0212215,1,3,,,
tt0374584,11,37,,,
tt1442263,,,,,
tt3076982,4,1,,,
tt14222772,3,7,,,
tt13328854,,,,,
tt0929419,2,1,,,
tt2076277,,,,,
tt0172842,,,,,
tt1520370,,,,,
tt2072126,1,4,,,
tt0403203,,,,,
tt1385513,,,,,
tt0170736,,,,,
tt7209472,36,41,,,
tt0076509,2,2,,,
tt9695404,3,3,,,
tt0320394,3,4,,,
tt2949382,,,,,
tt3265546,,,,,
tt0820158,4,4,,,
tt2083141,,,,,
tt7776060,8,1,,,
tt6499752,284,1.3K,67,,
tt0052552,,,,,
tt0878700,,,,,
tt4900156,21,4,,,
tt0356020,,,,,
tt0113760,,,,,
tt11177804,11,24,,,
tt0360486,290,1.1K,50,,
tt4170810,,,,,
tt7604210,,,,,
tt3352748,4,2,,,
tt0151475,,,,,
tt0196523,1,2,,,
tt7821898,,,,,
tt0104978,,,,,
tt1650412,13,9,,,
tt1189003,,,,,
tt0196195,,,,,
tt2032452,10,2,39,,
tt0277919,2,2,,,
tt0193590,,,,,
tt1641244,1,1,,,
tt0854161,2,1,,,
tt2072996,,,,,
tt0012249,10,6,,,
tt0036222,,,,,
tt0050235,27,30,,,
tt0238247,34,61,38,,
tt0922477,,,,,
tt0025509,22,29,,,
tt0068348,13,7,,,
tt0028468,1,3,,,
tt0325666,,,,,
tt0269384,,,,,
tt2437226,,,,,
tt0139210,,,,,
tt0078617,,,,,
tt3223338,,,,,
tt1476250,4,1,,,
tt0297920,,,,,
tt0071963,,,,,
tt3679978,3,10,,,
tt4977540,,,,,
tt11409736,36,1,83,,
tt2610798,11,1,,,
tt0014118,,,,,
tt14873836,,,,,
tt1800669,65,11,65,,
tt0106332,45,131,83,,
tt1227140,,,,,
tt6982588,,,,,
tt0008623,,,,,
tt15393652,13,3,,,
tt0470042,,,,,
tt2027237,,,,,
tt2007995,41,2,,,
tt1181451,,,,,
tt5176762,1,2,,,
tt0372760,,,,,
tt0026744,6,26,,,
tt5820664,,,,,
tt1492934,,,,,
tt0230443,,,,,
tt0455540,,,,,
tt0017860,1,5,,,
tt0066225,,,,,
tt5335724,,,,,
tt0220044,4,1,,,
tt2896932,2,9,,,
tt9272824,,,,,
tt0074643,,,,,
tt0109581,8,5,,,
tt0042185,,,,,
tt0219380,,,,,
tt0217603,1,13,,,
tt0298500,,,,,
tt0076056,,,,,
tt7799372,,,,,
tt14681742,,,,,
tt3416386,,,,,
tt3020986,,,,,
tt0180336,,,,,
tt2347816,,,,,
tt2847412,,,,,
tt14117920,2,1,,,
tt13237416,,,,,
tt7480958,1,1,,,
tt4421802,,,,,
tt2137038,,,,,
tt0371712,,,,,
tt13802196,,,,,
tt0116589,27,13,,,
tt1865490,,,,,
tt0310979,,,,,
tt0053306,3,6,,,
tt0046366,22,48,,,
tt2243199,,,,,
tt0044454,,,,,
tt0313596,,,,,
tt1571574,,,,,
tt10260042,29,11,,,
tt6950320,,,,,
tt0090181,2,5,,,
tt0119721,1,8,,,
tt8514324,,,,,
tt0077855,1,2,,,
tt0024981,4,8,,,
tt11646442,,,,,
tt0289138,,,,,
tt0365013,1,4,,,
tt0101245,,,,,
tt0056381,,,,,
tt8681068,,,,,
tt0056999,2,8,,,
tt15689432,,,,,
tt0089545,,,,,
tt2421732,,,,,
tt1303814,,,,,
tt7867076,2,27,,,
tt3159818,22,14,,,
tt0798735,,,,,
tt0415676,,,,,
tt0323314,,,,,
tt3072876,60,12,,,
tt2170325,1,1,,,
tt0008918,,,,,
tt1545512,,,,,
tt0142782,,,,,
tt0234153,,,,,
tt0379827,,,,,
tt0056899,,,,,
tt8191502,34,9,,,
tt0465551,201,311,73,,
tt0055204,,,,,
tt0305922,,,,,
tt15073320,,,,,
tt0358041,,,,,
tt0471589,,,,,
tt0073059,4,33,,,
tt3908838,,,,,
tt0003351,,,,,
tt1882041,,,,,
tt0439606,,,,,
tt6599180,,,,,
tt0123173,,,,,
tt23806336,,,,,
tt13695196,2,1,,,
tt1913022,,,,,
tt6039116,,,,,
tt4791984,36,1,,,
tt3505094,6,5,68,,
tt0298845,140,287,76,,
tt0061782,10,8,,,
tt13051810,46,72,,,
tt1613040,2,11,,,
tt1885328,,,,,
tt15721450,,,,,
tt6448704,,,,,
tt0337837,,,,,
tt0337708,7,9,,,
tt13860270,,,,,
tt7823938,3,2,,,
tt0068925,5,12,,,
tt12969746,,,,,
tt1155630,4,3,,,
tt14365408,,,,,
tt6553342,,,,,
tt0189603,2,1,,,
tt0425080,11,3,,,
tt3042800,17,15,,,
tt26084136,2,2,,,
tt0129455,,,,,
tt1733234,,,,,
tt1399565,,,,,
tt0451983,8,13,,,
tt4524792,,,,,
tt15700594,,,,,
tt8011654,,,,,
tt5094192,4,71,,,
tt14032558,,,,,
tt0230875,,,,,
tt0471932,,,,,
tt13225546,1,3,,,
tt0093415,12,45,55,,
